timestamp,open,high,low,close,volume,adjusted_close
2020-01-02,39.62,39.96,39.57,39.65,20294700,39.65
2020-01-03,39.42,39.6,39.2,39.3,16203514,39.3
2020-01-06,39.13,39.36,38.92,39.22,19339654,39.22
2020-01-07,39.09,39.17,38.73,38.85,20610161,38.85
2020-01-08,38.77,38.91,38.56,38.72,17641466,38.72
2020-01-09,38.72,39.12,38.69,39.12,16696912,39.12
2020-01-10,39.08,39.11,38.66,38.79,18166122,38.79
2020-01-13,38.79,38.85,38.46,38.63,18342312,38.63
2020-01-14,38.49,38.74,38.38,38.73,19761982,38.73
2020-01-15,38.21,38.62,38.17,38.43,22362600,38.43
2020-01-16,38.5,38.64,38.43,38.63,16108306,38.63
2020-01-17,38.68,38.77,38.21,38.32,30135057,38.32
2020-01-21,38.2,38.56,38.17,38.53,22061100,38.53
2020-01-22,38.41,38.84,38.39,38.7,14779169,38.7
2020-01-23,38.74,38.77,38.35,38.6,12915534,38.6
2020-01-24,38.67,38.68,38.05,38.12,13150297,38.12
2020-01-27,37.73,38.74,37.56,38.62,21055239,38.62
2020-01-28,38.66,38.97,38.65,38.87,15810921,38.87
2020-01-29,38.85,39.04,38.63,38.63,11333012,38.63
2020-01-30,38.54,38.91,38.44,38.86,13744789,38.86
2020-01-31,38.6,38.75,37.97,38.16,23327400,38.16
2020-02-03,38.3,38.46,38.03,38.09,13055599,38.09
2020-02-04,38.41,38.75,38.3,38.42,15696681,38.42
2020-02-05,38.53,38.98,38.28,38.94,17048700,38.94
2020-02-06,38.94,39.08,38.69,38.77,16058782,38.77
2020-02-07,38.7,38.92,38.59,38.82,11069927,38.82
2020-02-10,38.58,38.99,38.35,38.42,18434700,38.42
2020-02-11,38.48,38.5,38.15,38.47,17391620,38.47
2020-02-12,38.5,38.81,38.47,38.62,14206800,38.62
2020-02-13,38.62,39.18,38.53,39.15,15999600,39.15
2020-02-14,39.22,39.52,39.05,39.3,24391968,39.3
2020-02-18,39.49,39.98,39.12,39.88,34548397,39.88
2020-02-19,39.83,39.98,39.23,39.23,21563400,39.23
2020-02-20,39.07,39.37,38.95,39.23,15069996,39.23
2020-02-21,39.15,39.58,39.1,39.53,18727596,39.53
2020-02-24,39.15,39.49,38.65,38.77,19848133,38.77
2020-02-25,38.78,39.02,38.02,38.13,23293052,38.13
2020-02-26,38.23,38.39,37.88,37.93,20021150,37.93
2020-02-27,37.52,38.02,36.78,36.8,28476900,36.8
2020-02-28,35.9,36.17,34.79,35.89,52512279,35.89
2020-03-02,35.87,38.8,35.76,38.63,51222768,38.63
2020-03-03,38.69,39.18,37.45,37.64,33340965,37.64
2020-03-04,38.08,38.95,37.82,38.92,24625290,38.92
2020-03-05,38.13,39.08,37.97,38.64,25639540,38.64
2020-03-06,37.96,39.3,37.67,39.08,29411162,39.08
2020-03-09,37.94,40.21,37.58,39.05,59243588,39.05
2020-03-10,39.37,40.23,38.31,39.93,37797300,39.93
2020-03-11,39.17,39.68,37.6,38.14,31629034,38.14
2020-03-12,35.34,37.16,34.33,34.68,56323394,34.68
2020-03-13,36.08,38.2,34.63,38.03,42962166,38.03
2020-03-16,35.07,37.11,34.0,35.59,36753930,35.59
2020-03-17,37.59,39.76,36.82,39.75,52806142,39.75
2020-03-18,38.33,42.69,38.17,40.86,77355905,40.86
2020-03-19,41.49,42.33,39.21,39.82,57100500,39.82
2020-03-20,39.83,40.93,37.3,37.99,55423609,37.99
2020-03-23,38.06,39.18,37.4,38.09,39366000,38.09
2020-03-24,38.62,39.12,37.1,38.34,42705177,38.34
2020-03-25,37.66,38.0,36.02,36.47,53287556,36.47
2020-03-26,36.47,36.96,35.62,36.61,58294030,36.61
2020-03-27,36.7,37.43,36.2,36.53,36160500,36.53
2020-03-30,37.29,38.6,36.98,38.4,29212649,38.4
2020-03-31,38.1,38.73,37.55,37.87,26271566,37.87
2020-04-01,37.38,38.51,37.27,38.05,28269600,38.05
2020-04-02,37.73,39.7,37.44,39.55,29515502,39.55
2020-04-03,39.07,39.97,39.01,39.83,28625100,39.83
2020-04-06,39.69,42.13,39.65,42.02,47768741,42.02
2020-04-07,41.33,42.16,40.55,40.66,41413814,40.66
2020-04-08,41.23,41.27,40.2,40.61,27876600,40.61
2020-04-09,39.41,40.96,39.22,40.6,32833229,40.6
2020-04-13,40.42,41.89,40.39,41.77,24194100,41.77
2020-04-14,42.37,43.26,42.01,43.0,34098958,43.0
2020-04-15,43.0,43.29,42.37,42.92,22435315,42.92
2020-04-16,43.0,44.31,42.75,44.11,31882375,44.11
2020-04-17,43.83,44.32,43.24,44.04,30915303,44.04
2020-04-20,44.13,44.46,43.25,43.28,24401847,43.28
2020-04-21,43.36,43.68,42.72,43.07,27900744,43.07
2020-04-22,43.33,44.13,42.97,43.86,19455127,43.86
2020-04-23,43.28,43.7,42.58,42.84,28839919,42.84
2020-04-24,43.12,43.3,42.85,43.15,17348300,43.15
2020-04-27,43.33,43.44,42.72,42.77,17923832,42.77
2020-04-28,42.76,43.41,42.57,42.67,20732102,42.67
2020-04-29,41.86,41.92,40.85,41.2,44612100,41.2
2020-04-30,41.03,41.15,40.35,40.52,40497900,40.52
2020-05-01,40.49,41.23,40.26,40.97,31144066,40.97
2020-05-04,41.28,41.47,40.57,41.23,17807700,41.23
2020-05-05,41.27,41.75,41.09,41.58,19337400,41.58
2020-05-06,41.74,41.83,40.95,41.1,17309192,41.1
2020-05-07,41.15,41.33,40.5,40.63,27348567,40.63
2020-05-08,40.92,41.0,40.54,40.98,20833076,40.98
2020-05-11,41.01,41.44,41.0,41.22,25341940,41.22
2020-05-12,41.49,41.89,41.26,41.26,19100194,41.26
2020-05-13,41.17,42.08,41.03,41.24,29175300,41.24
2020-05-14,41.62,41.71,40.43,41.14,22233040,41.14
2020-05-15,41.16,41.98,41.03,41.98,31770160,41.98
2020-05-18,42.5,42.85,42.03,42.55,39107751,42.55
2020-05-19,43.92,44.0,41.6,41.65,74746394,41.65
2020-05-20,42.16,42.2,41.54,41.82,32246438,41.82
2020-05-21,41.63,42.05,41.42,41.66,22448242,41.66
2020-05-22,41.7,41.78,41.26,41.44,22359600,41.44
2020-05-26,41.45,41.84,41.21,41.29,23730600,41.29
2020-05-27,41.32,41.5,40.34,40.83,31073716,40.83
2020-05-28,41.24,41.65,41.05,41.23,24437943,41.23
2020-05-29,41.41,41.57,40.64,41.35,29317322,41.35
2020-06-01,41.15,41.47,40.79,41.32,20567276,41.32
2020-06-02,41.2,41.38,40.94,41.31,19187824,41.31
2020-06-03,41.3,41.33,40.89,41.16,20263019,41.16
2020-06-04,40.93,41.3,40.61,40.7,24015000,40.7
2020-06-05,40.86,40.89,39.97,40.52,39337206,40.52
2020-06-08,39.86,40.41,39.82,40.41,28344300,40.41
2020-06-09,40.53,40.67,40.19,40.45,20746331,40.45
2020-06-10,40.52,40.83,40.38,40.39,28141675,40.39
2020-06-11,40.33,40.86,39.83,40.03,34162972,40.03
2020-06-12,40.17,40.25,39.02,39.25,32359364,39.25
2020-06-15,39.47,39.56,39.0,39.36,32703300,39.36
2020-06-16,39.93,40.08,39.51,39.88,25185655,39.88
2020-06-17,39.95,40.04,39.47,39.68,20167031,39.68
2020-06-18,39.51,39.69,39.22,39.33,20070000,39.33
2020-06-19,39.63,40.1,39.25,39.95,40078800,39.95
2020-06-22,40.32,40.7,40.13,40.56,27338568,40.56
2020-06-23,40.92,40.95,40.32,40.36,19727764,40.36
2020-06-24,40.25,40.37,39.86,40.1,20614850,40.1
2020-06-25,39.92,40.05,39.46,39.9,20569865,39.9
2020-06-26,39.87,40.28,39.34,39.44,26991600,39.44
2020-06-29,39.5,39.89,39.4,39.69,16511400,39.69
2020-06-30,39.74,40.04,39.51,39.93,20509200,39.93
2020-07-01,39.82,39.97,39.55,39.9,19733782,39.9
2020-07-02,40.03,40.29,39.62,39.74,17695800,39.74
2020-07-06,39.93,39.96,39.41,39.63,21695100,39.63
2020-07-07,39.48,42.52,39.41,42.32,93458121,42.32
2020-07-08,42.67,42.71,41.47,41.48,52217167,41.48
2020-07-09,41.87,42.73,41.65,42.58,42771756,42.58
2020-07-10,42.91,43.79,42.42,43.56,44236922,43.56
2020-07-13,43.78,44.54,42.96,43.17,42338400,43.17
2020-07-14,43.09,44.17,43.01,44.0,26455800,44.0
2020-07-15,44.09,44.71,43.6,44.0,31731400,44.0
2020-07-16,44.02,44.24,43.75,44.07,17676600,44.07
2020-07-17,44.46,44.46,43.82,43.91,18189600,43.91
2020-07-20,43.99,44.25,43.71,43.82,18342600,43.82
2020-07-21,43.85,44.66,43.82,44.11,21721224,44.11
2020-07-22,44.19,44.34,43.73,44.22,16164600,44.22
2020-07-23,44.33,44.38,43.77,43.88,16796400,43.88
2020-07-24,43.65,44.13,43.5,43.75,13037400,43.75
2020-07-27,43.62,43.99,43.62,43.74,14045700,43.74
2020-07-28,43.83,44.13,43.64,43.92,14414177,43.92
2020-07-29,43.85,43.95,43.28,43.56,14223341,43.56
2020-07-30,43.14,43.47,42.91,43.37,13788376,43.37
2020-07-31,43.22,43.36,42.54,43.13,21634626,43.13
2020-08-03,43.3,43.37,42.76,43.1,14976278,43.1
2020-08-04,43.22,43.9,42.98,43.88,18219693,43.88
2020-08-05,43.48,43.58,42.94,43.27,25510744,43.27
2020-08-06,43.04,43.41,43.01,43.12,14496434,43.12
2020-08-07,43.19,43.49,43.04,43.32,16558500,43.32
2020-08-10,43.41,44.11,43.22,43.96,17683200,43.96
2020-08-11,44.2,44.29,43.24,43.4,25360200,43.4
2020-08-12,43.49,44.08,43.03,43.96,19116355,43.96
2020-08-13,43.74,43.99,43.58,43.95,19867351,43.95
2020-08-14,44.11,44.32,43.88,44.2,20106300,44.2
2020-08-17,44.78,45.38,44.62,45.2,39465030,45.2
2020-08-18,45.39,45.88,44.39,44.9,80232611,44.9
2020-08-19,44.74,44.89,43.95,44.14,38155241,44.14
2020-08-20,43.74,44.02,43.35,43.52,26810700,43.52
2020-08-21,43.52,44.22,43.37,43.88,24864006,43.88
2020-08-24,44.08,44.16,43.44,43.78,19813800,43.78
2020-08-25,43.6,43.75,43.22,43.54,21722478,43.54
2020-08-26,43.4,43.63,43.23,43.57,18814800,43.57
2020-08-27,43.69,46.45,43.63,45.54,119018846,45.54
2020-08-28,47.0,47.02,45.95,46.77,64051003,46.77
2020-08-31,45.83,46.3,45.18,46.28,45236400,46.28
2020-09-01,47.07,49.86,46.68,49.2,107124728,49.2
2020-09-02,50.42,50.44,48.54,49.23,51666014,49.23
2020-09-03,48.9,49.87,47.27,48.18,48015057,48.18
2020-09-04,48.01,48.35,46.7,47.61,33982200,47.61
2020-09-08,47.14,47.3,46.09,46.15,33966900,46.15
2020-09-09,46.7,47.54,46.48,46.63,33669135,46.63
2020-09-10,46.69,46.84,45.53,45.6,33709284,45.6
2020-09-11,45.68,46.15,45.18,45.57,28879800,45.57
2020-09-14,45.38,47.03,45.29,45.77,45733983,45.77
2020-09-15,46.08,46.36,45.56,45.79,30427896,45.79
2020-09-16,46.14,46.23,45.35,45.42,27877974,45.42
2020-09-17,45.14,45.86,45.01,45.56,37245115,45.56
2020-09-18,45.48,45.84,44.92,45.1,54709200,45.1
2020-09-21,45.5,45.75,45.1,45.69,47275550,45.69
2020-09-22,45.69,46.33,45.52,46.1,33102087,46.1
2020-09-23,46.33,46.41,45.27,45.33,23133347,45.33
2020-09-24,45.24,45.93,45.02,45.57,29453111,45.57
2020-09-25,45.51,45.84,45.32,45.76,22618810,45.76
2020-09-28,45.72,46.02,45.57,45.75,21197100,45.75
2020-09-29,45.75,46.05,45.46,45.71,27722751,45.71
2020-09-30,45.8,47.25,45.73,46.64,34826485,46.64
2020-10-01,46.93,48.13,46.75,47.69,43291042,47.69
2020-10-02,47.45,47.7,46.71,46.83,24585000,46.83
2020-10-05,47.1,47.4,47.02,47.27,14259131,47.27
2020-10-06,47.29,47.65,46.75,46.88,21475500,46.88
2020-10-07,47.09,47.18,46.75,46.96,16949212,46.96
2020-10-08,47.17,47.36,47.04,47.12,14676900,47.12
2020-10-09,47.22,47.78,47.19,47.59,14494820,47.59
2020-10-12,47.67,48.46,47.67,48.08,18402465,48.08
2020-10-13,48.23,48.87,48.12,48.74,23800370,48.74
2020-10-14,48.8,48.84,47.92,47.98,19722346,47.98
2020-10-15,47.7,48.32,47.61,48.18,13705438,48.18
2020-10-16,48.47,48.72,48.16,48.24,16942039,48.24
2020-10-19,48.37,48.46,47.58,47.65,14643300,47.65
2020-10-20,48.04,48.51,47.87,47.97,14529650,47.97
2020-10-21,47.95,48.58,47.95,48.13,13114294,48.13
2020-10-22,48.06,48.19,47.56,47.85,13354744,47.85
2020-10-23,47.99,48.05,47.62,47.95,10540500,47.95
2020-10-26,47.61,47.71,46.98,47.39,16111807,47.39
2020-10-27,47.35,47.9,47.32,47.62,11831100,47.62
2020-10-28,46.99,47.38,46.63,46.68,16849339,46.68
2020-10-29,46.67,47.04,46.23,46.64,15154059,46.64
2020-10-30,46.39,46.7,45.79,46.25,18608235,46.25
2020-11-02,46.86,46.94,46.34,46.8,16575670,46.8
2020-11-03,47.22,48.05,47.19,47.59,15413238,47.59
2020-11-04,47.19,48.13,47.11,47.32,17927498,47.32
2020-11-05,48.0,48.08,47.65,47.82,14202719,47.82
2020-11-06,48.12,48.74,47.85,48.59,16198500,48.59
2020-11-09,49.33,49.4,47.83,47.85,28198600,47.85
2020-11-10,47.92,48.81,47.84,48.52,18199350,48.52
2020-11-11,48.97,49.65,48.8,49.33,18805839,49.33
2020-11-12,49.49,49.57,49.03,49.41,12577005,49.41
2020-11-13,49.65,50.31,49.17,50.18,19811533,50.18
2020-11-16,50.18,51.13,49.76,50.81,34560445,50.81
2020-11-17,50.17,51.08,49.73,49.79,42711681,49.79
2020-11-18,49.95,50.56,49.68,49.7,24936900,49.7
2020-11-19,49.82,50.82,49.77,50.71,18590700,50.71
2020-11-20,50.39,50.92,49.94,50.08,21962586,50.08
2020-11-23,50.12,50.47,49.79,50.31,18557160,50.31
2020-11-24,50.58,50.66,50.09,50.45,17168786,50.45
2020-11-25,50.42,50.8,50.4,50.61,13833334,50.61
2020-11-27,50.72,50.91,50.37,50.53,10999591,50.53
2020-11-30,50.53,50.98,50.03,50.93,32695586,50.93
2020-12-01,51.2,51.22,50.55,50.88,22941295,50.88
2020-12-02,50.67,50.87,49.84,50.17,23547071,50.17
2020-12-03,50.09,50.09,49.46,49.77,25725900,49.77
2020-12-04,49.84,49.84,49.19,49.64,20889300,49.64
2020-12-07,49.49,49.66,49.05,49.37,18479232,49.37
2020-12-08,49.12,49.95,49.06,49.82,20716500,49.82
2020-12-09,50.0,50.0,49.3,49.42,20139713,49.42
2020-12-10,49.25,49.38,48.86,49.01,20652374,49.01
2020-12-11,48.97,49.17,48.65,49.0,16860900,49.0
2020-12-14,49.23,49.24,48.47,48.55,25088100,48.55
2020-12-15,48.51,48.79,48.29,48.53,31894531,48.53
2020-12-16,48.75,48.96,48.36,48.48,25651069,48.48
2020-12-17,48.69,48.81,48.38,48.7,30679500,48.7
2020-12-18,48.87,49.06,48.39,48.65,41384273,48.65
2020-12-21,48.5,48.89,48.35,48.66,25553100,48.66
2020-12-22,48.38,48.74,47.71,48.07,37662208,48.07
2020-12-23,47.85,48.07,47.43,47.74,20430600,47.74
2020-12-24,47.85,48.13,47.73,47.83,9054600,47.83
2020-12-28,48.01,48.43,47.78,48.41,19344994,48.41
2020-12-29,48.55,48.61,47.86,48.1,17938200,48.1
2020-12-30,48.29,48.38,47.98,48.06,18751200,48.06
2020-12-31,48.07,48.09,47.62,48.05,17814071,48.05
2021-01-04,48.1,48.96,48.09,48.84,32182274,48.84
2021-01-05,48.87,49.02,48.16,48.58,26498100,48.58
2021-01-06,48.36,49.37,48.34,48.89,21918927,48.89
2021-01-07,49.21,49.25,48.68,48.88,20538000,48.88
2021-01-08,48.96,49.0,48.6,48.88,24478224,48.88
2021-01-11,48.67,49.33,48.67,49.1,26347268,49.1
2021-01-12,49.67,49.98,49.44,49.66,23373452,49.66
2021-01-13,49.58,49.69,49.14,49.15,16069639,49.15
2021-01-14,49.27,49.33,48.68,48.99,23017200,48.99
2021-01-15,48.38,48.63,47.89,48.21,35920514,48.21
2021-01-19,48.21,48.36,47.56,47.8,24123600,47.8
2021-01-20,47.86,48.55,47.63,48.5,23775734,48.5
2021-01-21,48.45,48.58,48.07,48.28,14349869,48.28
2021-01-22,48.53,49.11,48.37,48.78,19219500,48.78
2021-01-25,48.45,48.75,48.09,48.73,19031182,48.73
2021-01-26,48.54,49.27,48.49,49.17,15031500,49.17
2021-01-27,48.99,49.29,47.85,47.95,29910371,47.95
2021-01-28,48.15,48.75,47.88,47.92,22301700,47.92
2021-01-29,47.73,47.92,46.78,46.83,32509200,46.83
2021-02-01,46.97,47.16,46.4,46.42,25945200,46.42
2021-02-02,46.59,47.38,46.48,46.92,27002400,46.92
2021-02-03,46.89,47.35,46.88,47.07,14966810,47.07
2021-02-04,47.26,47.73,47.09,47.51,17346300,47.51
2021-02-05,47.82,48.28,47.51,48.12,20451767,48.12
2021-02-08,48.27,48.53,48.15,48.34,15825366,48.34
2021-02-09,48.19,48.77,48.19,48.61,15907023,48.61
2021-02-10,48.61,48.63,47.85,48.04,18576975,48.04
2021-02-11,48.05,48.32,47.9,48.01,12791472,48.01
2021-02-12,48.05,48.2,47.89,48.16,13423606,48.16
2021-02-16,48.65,48.8,48.31,48.55,27891114,48.55
2021-02-17,48.22,49.17,48.17,49.07,26026721,49.07
2021-02-18,46.33,46.9,45.83,45.89,96927495,45.89
2021-02-19,45.93,46.47,45.89,46.11,36606012,46.11
2021-02-22,45.91,46.11,45.42,45.9,32106662,45.9
2021-02-23,45.7,45.8,45.02,45.16,31300222,45.16
2021-02-24,45.29,45.39,44.35,44.4,46565761,44.4
2021-02-25,44.37,44.67,43.83,43.98,33324729,43.98
2021-02-26,43.83,43.94,43.29,43.31,42470832,43.31
2021-03-01,43.86,44.19,43.71,43.79,34634578,43.79
2021-03-02,43.84,44.25,43.34,43.37,29230800,43.37
2021-03-03,43.17,43.31,42.52,42.53,41837400,42.53
2021-03-04,42.62,43.19,42.09,42.51,45348000,42.51
2021-03-05,42.28,43.25,42.25,43.04,34073700,43.04
2021-03-08,43.11,43.28,42.6,42.63,40988431,42.63
2021-03-09,42.93,43.29,42.77,42.96,31988700,42.96
2021-03-10,42.95,44.35,42.82,44.06,44929200,44.06
2021-03-11,44.45,44.5,43.84,44.04,35489700,44.04
2021-03-12,44.17,44.84,44.03,44.71,28437600,44.71
2021-03-15,44.91,44.92,44.27,44.48,25098100,44.48
2021-03-16,44.27,44.76,44.27,44.46,19881000,44.46
2021-03-17,44.17,44.38,43.99,44.09,24156300,44.09
2021-03-18,43.72,43.98,43.31,43.34,29815500,43.34
2021-03-19,43.38,44.17,43.3,43.91,57703620,43.91
2021-03-22,43.67,44.15,43.66,44.12,24654000,44.12
2021-03-23,43.9,44.77,43.88,44.65,29154900,44.65
2021-03-24,44.81,44.81,44.35,44.37,23547455,44.37
2021-03-25,44.42,44.84,44.29,44.67,28126030,44.67
2021-03-26,44.67,45.07,44.47,45.04,28653600,45.04
2021-03-29,45.0,45.67,44.87,45.56,30146541,45.56
2021-03-30,45.44,45.86,45.16,45.25,27230205,45.25
2021-03-31,45.18,45.62,44.99,45.28,24546060,45.28
2021-04-01,45.31,45.63,45.11,45.21,25595179,45.21
2021-04-05,45.57,46.72,45.4,46.48,40043206,46.48
2021-04-06,46.37,46.98,46.17,46.7,31044721,46.7
2021-04-07,46.77,46.92,46.55,46.6,20361600,46.6
2021-04-08,46.82,47.04,46.55,46.57,19095600,46.57
2021-04-09,46.54,46.7,46.24,46.59,20676600,46.59
2021-04-12,46.69,46.79,46.45,46.6,18723141,46.6
2021-04-13,46.6,46.67,46.29,46.46,17398010,46.46
2021-04-14,46.37,46.49,46.14,46.44,21924600,46.44
2021-04-15,46.47,46.82,46.4,46.72,21710400,46.72
2021-04-16,46.96,46.99,46.57,46.87,26488500,46.87
2021-04-19,46.76,46.86,46.54,46.57,19281000,46.57
2021-04-20,46.47,47.26,46.27,46.93,24452100,46.93
2021-04-21,46.92,47.23,46.84,47.07,17335200,47.07
2021-04-22,47.03,47.15,46.47,46.56,19705200,46.56
2021-04-23,46.37,46.78,46.34,46.63,22984018,46.63
2021-04-26,46.64,46.67,45.88,45.97,22846255,45.97
2021-04-27,46.0,46.31,45.85,46.13,16151455,46.13
2021-04-28,46.12,46.2,45.95,45.96,14286602,45.96
2021-04-29,45.97,46.67,45.97,46.54,19596000,46.54
2021-04-30,46.57,46.66,46.37,46.64,19680040,46.64
2021-05-03,46.56,47.58,46.56,47.37,27139632,47.37
2021-05-04,47.18,47.34,46.7,46.91,19084200,46.91
2021-05-05,46.9,47.07,46.75,46.87,18351000,46.87
2021-05-06,46.67,47.12,46.48,47.02,16302000,47.02
2021-05-07,47.21,47.24,46.44,46.73,23408438,46.73
2021-05-10,46.82,47.36,46.77,46.94,26307761,46.94
2021-05-11,46.96,46.96,46.11,46.52,26464200,46.52
2021-05-12,46.29,46.33,45.3,45.31,25998457,45.31
2021-05-13,45.41,46.33,45.25,46.08,21480180,46.08
2021-05-14,46.27,46.75,46.14,46.51,16091701,46.51
2021-05-17,46.67,46.8,46.26,46.3,19675800,46.3
2021-05-18,47.84,48.19,47.07,47.3,58183800,47.3
2021-05-19,46.9,47.91,46.83,47.31,34874794,47.31
2021-05-20,47.17,47.62,46.9,47.47,30540900,47.47
2021-05-21,47.51,47.69,47.2,47.25,22927500,47.25
2021-05-24,47.25,47.47,47.12,47.25,18945966,47.25
2021-05-25,47.27,47.55,47.02,47.45,21505200,47.45
2021-05-26,47.46,47.63,47.25,47.39,19294200,47.39
2021-05-27,47.78,47.89,47.23,47.23,56577000,47.23
2021-05-28,47.31,47.48,47.21,47.34,21189930,47.34
2021-06-01,47.4,47.6,47.09,47.22,20767646,47.22
2021-06-02,47.13,47.24,46.7,47.12,23298002,47.12
2021-06-03,47.13,47.28,46.92,47.2,18374490,47.2
2021-06-04,47.15,47.43,47.08,47.28,13635900,47.28
2021-06-07,47.28,47.32,46.8,46.97,16630900,46.97
2021-06-08,46.84,46.97,46.6,46.61,20120700,46.61
2021-06-09,46.45,46.67,46.34,46.36,17085398,46.36
2021-06-10,46.36,46.73,46.36,46.63,16378500,46.63
2021-06-11,46.74,46.95,46.62,46.92,25232497,46.92
2021-06-14,46.98,46.98,46.68,46.85,15140703,46.85
2021-06-15,46.95,46.97,46.55,46.67,19327200,46.67
2021-06-16,46.62,46.68,45.66,45.72,28795057,45.72
2021-06-17,45.67,46.12,45.57,45.91,19341900,45.91
2021-06-18,45.15,45.46,44.8,45.06,44812800,45.06
2021-06-21,45.22,45.58,45.12,45.47,20775089,45.47
2021-06-22,45.41,45.91,45.41,45.68,19107000,45.68
2021-06-23,45.5,45.66,45.31,45.32,19390570,45.32
2021-06-24,45.39,45.75,45.37,45.64,23444100,45.64
2021-06-25,45.71,46.29,45.64,46.18,28640836,46.18
2021-06-28,46.01,46.21,45.53,46.03,15549081,46.03
2021-06-29,45.97,46.16,45.74,45.77,35962500,45.77
2021-06-30,46.52,47.53,46.23,47.01,45511200,47.01
2021-07-01,46.8,47.08,46.34,46.44,26348700,46.44
2021-07-02,46.45,47.03,46.45,46.7,26287733,46.7
2021-07-06,46.63,46.92,46.5,46.65,18279300,46.65
2021-07-07,46.59,47.06,46.45,46.57,25607482,46.57
2021-07-08,46.11,46.88,46.07,46.53,21267162,46.53
2021-07-09,46.8,46.95,46.64,46.77,15185400,46.77
2021-07-12,46.9,46.93,46.44,46.68,19515000,46.68
2021-07-13,46.66,47.06,46.65,46.86,18947700,46.86
2021-07-14,46.9,47.27,46.61,47.18,18812100,47.18
2021-07-15,47.33,47.55,47.03,47.22,17974853,47.22
2021-07-16,47.23,47.38,46.98,47.19,18095433,47.19
2021-07-19,47.14,47.66,46.59,47.08,27383187,47.08
2021-07-20,46.99,47.49,46.93,47.29,19020319,47.29
2021-07-21,47.5,47.51,46.9,47.06,18591915,47.06
2021-07-22,47.04,47.37,46.93,47.09,13013400,47.09
2021-07-23,47.17,47.57,47.0,47.48,15947523,47.48
2021-07-26,47.45,47.95,47.15,47.54,18517353,47.54
2021-07-27,47.67,47.67,47.32,47.55,15395730,47.55
2021-07-28,47.49,47.75,47.22,47.35,14071500,47.35
2021-07-29,47.55,47.62,47.34,47.41,11063100,47.41
2021-07-30,47.07,47.65,47.07,47.52,16332300,47.52
2021-08-02,47.61,47.62,47.22,47.41,19958542,47.41
2021-08-03,47.48,47.97,47.45,47.94,18915372,47.94
2021-08-04,47.79,47.98,47.58,47.61,15301599,47.61
2021-08-05,48.08,48.51,48.0,48.5,27005469,48.5
2021-08-06,48.74,48.82,48.32,48.41,19263709,48.41
2021-08-09,48.64,48.83,48.47,48.53,15811800,48.53
2021-08-10,48.99,49.65,48.75,49.56,38262173,49.56
2021-08-11,49.84,50.53,49.72,50.0,41455800,50.0
2021-08-12,49.67,50.07,49.6,49.69,18277290,49.69
2021-08-13,49.79,50.12,49.72,49.84,15981300,49.84
2021-08-16,49.89,50.58,49.68,50.25,47926991,50.25
2021-08-17,50.13,50.83,49.7,50.23,50950200,50.23
2021-08-18,50.18,50.86,49.67,49.7,28211863,49.7
2021-08-19,49.44,50.22,49.33,50.04,22630500,50.04
2021-08-20,50.16,50.57,49.92,50.48,19400407,50.48
2021-08-23,50.51,50.6,50.14,50.15,16166104,50.15
2021-08-24,50.17,50.17,49.57,49.63,18828900,49.63
2021-08-25,49.47,49.76,49.34,49.65,21921300,49.65
2021-08-26,49.16,49.42,48.89,49.12,23466900,49.12
2021-08-27,49.17,49.23,48.73,48.84,23088600,48.84
2021-08-30,48.81,49.33,48.67,49.23,16440652,49.23
2021-08-31,49.33,49.48,49.08,49.37,25078576,49.37
2021-09-01,49.19,49.31,48.86,49.26,19056697,49.26
2021-09-02,49.37,49.59,49.23,49.52,20022212,49.52
2021-09-03,49.4,49.88,49.3,49.75,17213726,49.75
2021-09-07,49.66,49.72,49.02,49.09,25355974,49.09
2021-09-08,48.98,49.44,48.91,49.15,19508400,49.15
2021-09-09,49.15,49.2,48.61,48.81,22328700,48.81
2021-09-10,49.07,49.08,48.47,48.63,15775218,48.63
2021-09-13,48.84,49.05,48.21,48.35,19529400,48.35
2021-09-14,48.49,48.63,47.97,48.1,16533900,48.1
2021-09-15,48.02,48.25,47.93,48.18,14850000,48.18
2021-09-16,48.15,48.44,47.9,48.34,18428400,48.34
2021-09-17,48.05,48.72,48.01,48.24,73039192,48.24
2021-09-20,47.83,48.39,47.21,47.58,25054500,47.58
2021-09-21,47.57,48.19,47.56,47.67,17437500,47.67
2021-09-22,47.82,47.87,47.43,47.56,15044544,47.56
2021-09-23,47.74,47.88,47.48,47.59,15585435,47.59
2021-09-24,47.5,47.9,47.5,47.72,13360633,47.72
2021-09-27,47.62,47.85,47.28,47.42,21250800,47.42
2021-09-28,47.29,47.36,46.66,46.83,20580900,46.83
2021-09-29,46.88,47.28,46.77,46.81,21375600,46.81
2021-09-30,46.88,47.24,46.42,46.46,22470727,46.46
2021-10-01,46.42,46.54,45.31,45.68,30014571,45.68
2021-10-04,45.7,46.08,44.9,45.24,29970300,45.24
2021-10-05,45.32,45.9,45.3,45.54,20597435,45.54
2021-10-06,45.41,45.93,45.38,45.87,19376700,45.87
2021-10-07,46.26,46.9,46.25,46.41,21068148,46.41
2021-10-08,46.55,46.7,46.34,46.55,13847400,46.55
2021-10-11,46.51,46.93,46.48,46.51,13048294,46.51
2021-10-12,46.45,46.8,46.36,46.46,15789312,46.46
2021-10-13,46.5,46.67,46.04,46.12,17944520,46.12
2021-10-14,46.17,46.69,46.17,46.62,19791631,46.62
2021-10-15,46.87,47.03,46.65,46.85,20737200,46.85
2021-10-18,46.67,47.33,46.61,47.23,19887000,47.23
2021-10-19,48.21,48.54,47.89,48.23,33444330,48.23
2021-10-20,48.3,48.83,48.3,48.67,17453700,48.67
2021-10-21,48.86,48.97,48.6,48.94,13954500,48.94
2021-10-22,49.03,49.9,49.03,49.45,21195747,49.45
2021-10-25,49.59,50.17,49.34,50.02,19288006,50.02
2021-10-26,50.0,50.18,49.49,49.58,17418731,49.58
2021-10-27,49.65,49.67,49.13,49.18,14565689,49.18
2021-10-28,49.45,49.66,49.24,49.48,12598500,49.48
2021-10-29,49.3,50.03,49.19,49.81,22022806,49.81
2021-11-01,49.99,50.25,49.78,49.93,12549600,49.93
2021-11-02,49.99,50.06,49.76,49.91,13639054,49.91
2021-11-03,49.87,50.1,49.68,50.06,14209607,50.06
2021-11-04,50.06,50.62,49.94,50.43,15149232,50.43
2021-11-05,50.67,50.67,49.87,50.08,15081900,50.08
2021-11-08,50.07,50.17,49.58,49.76,15373281,49.76
2021-11-09,49.84,49.96,49.62,49.93,15001800,49.93
2021-11-10,49.58,49.87,49.33,49.48,16803649,49.48
2021-11-11,49.59,49.66,49.4,49.5,13603200,49.5
2021-11-12,49.67,49.75,49.18,49.25,18313800,49.25
2021-11-15,49.38,49.48,48.8,48.97,28896000,48.97
2021-11-16,48.37,48.89,47.43,47.72,73986766,47.72
2021-11-17,47.72,48.24,47.27,47.31,33116247,47.31
2021-11-18,47.38,47.76,46.95,47.72,24407496,47.72
2021-11-19,47.87,48.0,47.31,47.46,28142212,47.46
2021-11-22,47.55,48.45,47.33,48.26,29150393,48.26
2021-11-23,48.08,48.66,47.75,48.6,29917373,48.6
2021-11-24,48.58,49.02,48.55,48.85,18089400,48.85
2021-11-26,48.81,49.29,48.14,48.3,21039735,48.3
2021-11-29,48.33,48.42,47.41,47.54,33039600,47.54
2021-11-30,47.16,47.5,46.67,46.88,64819108,46.88
2021-12-01,46.84,46.9,45.68,45.71,36687168,45.71
2021-12-02,45.88,46.15,45.08,45.16,39805800,45.16
2021-12-03,45.29,45.96,45.1,45.84,44142641,45.84
2021-12-06,45.85,46.45,45.7,46.33,32589425,46.33
2021-12-07,46.53,46.61,46.03,46.18,37739100,46.18
2021-12-08,46.02,46.17,45.34,45.72,34496400,45.72
2021-12-09,45.54,46.19,45.24,46.17,32351738,46.17
2021-12-10,46.11,47.1,45.86,47.01,38575661,47.01
2021-12-13,46.75,47.92,46.67,47.86,54039416,47.86
2021-12-14,47.77,48.43,47.38,48.31,46721400,48.31
2021-12-15,48.4,48.82,47.8,48.59,33489951,48.59
2021-12-16,48.59,48.84,47.63,47.78,39069600,47.78
2021-12-17,47.58,47.98,46.13,46.25,78711897,46.25
2021-12-20,46.04,46.58,45.87,46.4,31017910,46.4
2021-12-21,46.3,46.62,46.0,46.54,24620460,46.54
2021-12-22,46.63,46.66,46.18,46.6,17028000,46.6
2021-12-23,46.6,46.72,46.28,46.5,17592665,46.5
2021-12-27,46.53,46.96,46.52,46.92,16053391,46.92
2021-12-28,46.87,47.66,46.87,47.59,15789063,47.59
2021-12-29,47.55,47.84,47.44,47.57,13045273,47.57
2021-12-30,47.75,47.9,47.49,47.72,14949005,47.72
2021-12-31,47.73,48.35,47.64,48.23,17947802,48.23
2022-01-03,48.0,48.26,47.67,48.22,20709806,48.22
2022-01-04,48.01,48.38,47.25,47.33,33930066,47.33
2022-01-05,47.62,48.65,47.58,47.97,35418000,47.97
2022-01-06,47.87,48.21,47.47,47.84,21828900,47.84
2022-01-07,47.83,48.45,47.65,48.3,19723609,48.3
2022-01-10,48.48,48.53,47.71,48.2,22731600,48.2
2022-01-11,48.07,48.21,47.72,48.07,21668736,48.07
2022-01-12,47.89,47.99,47.67,47.81,18946833,47.81
2022-01-13,47.81,48.56,47.7,48.49,24252618,48.49
2022-01-14,48.07,48.88,48.07,48.35,26867400,48.35
2022-01-18,48.14,48.23,47.38,47.51,21134775,47.51
2022-01-19,47.51,48.33,47.31,47.98,22674004,47.98
2022-01-20,47.45,48.15,47.02,47.07,22387200,47.07
2022-01-21,47.07,47.42,46.69,46.73,27508203,46.73
2022-01-24,46.36,46.84,45.77,46.73,28711402,46.73
2022-01-25,46.66,46.79,45.6,45.72,29479500,45.72
2022-01-26,45.78,46.26,45.05,45.25,26185517,45.25
2022-01-27,45.64,46.36,45.12,45.28,27783825,45.28
2022-01-28,45.33,45.86,44.65,45.84,25132048,45.84
2022-01-31,45.7,46.68,45.57,46.6,20193600,46.6
2022-02-01,46.4,47.05,46.33,46.97,20323200,46.97
2022-02-02,47.0,47.21,46.72,46.95,18149799,46.95
2022-02-03,46.75,47.33,46.59,47.0,20741222,47.0
2022-02-04,46.96,47.0,46.12,46.44,22036543,46.44
2022-02-07,46.69,46.69,45.87,45.99,20010380,45.99
2022-02-08,46.11,46.41,45.84,46.0,19458900,46.0
2022-02-09,46.17,46.26,45.82,45.9,21473790,45.9
2022-02-10,45.52,45.67,45.15,45.36,27810624,45.36
2022-02-11,45.61,45.73,44.72,45.11,23733428,45.11
2022-02-14,45.11,45.32,44.24,44.65,29363537,44.65
2022-02-15,44.91,45.22,44.6,44.79,21848568,44.79
2022-02-16,44.78,44.96,44.23,44.51,28490700,44.51
2022-02-17,44.67,46.49,44.59,46.29,53831591,46.29
2022-02-18,46.03,46.53,45.72,46.0,31103482,46.0
2022-02-22,45.92,46.08,45.31,45.48,25380952,45.48
2022-02-23,45.62,45.73,44.95,45.02,21030960,45.02
2022-02-24,44.64,45.0,44.0,44.84,31717500,44.84
2022-02-25,44.94,45.59,44.7,45.46,24997800,45.46
2022-02-28,45.0,45.36,44.59,45.05,26286707,45.05
2022-03-01,45.29,45.96,45.01,45.33,24025065,45.33
2022-03-02,45.22,45.61,45.06,45.39,23864276,45.39
2022-03-03,45.76,46.82,45.52,46.43,29885237,46.43
2022-03-04,45.94,47.65,45.86,47.61,35580701,47.61
2022-03-07,47.1,47.88,46.82,47.22,45870126,47.22
2022-03-08,47.17,47.49,46.19,46.25,28305600,46.25
2022-03-09,46.67,46.75,46.05,46.49,22122958,46.49
2022-03-10,46.5,47.67,46.34,47.54,27512814,47.54
2022-03-11,47.43,48.02,47.29,47.36,19162279,47.36
2022-03-14,47.34,48.28,47.33,48.02,22646400,48.02
2022-03-15,48.18,48.72,47.95,48.59,22872600,48.59
2022-03-16,48.46,48.98,47.9,48.45,24615981,48.45
2022-03-17,48.15,48.43,47.55,48.34,19023037,48.34
2022-03-18,48.39,48.52,48.04,48.48,31233460,48.48
2022-03-21,48.48,49.1,47.87,48.08,21350700,48.08
2022-03-22,48.2,48.32,47.66,47.93,20235143,47.93
2022-03-23,47.71,47.91,47.17,47.32,19625554,47.32
2022-03-24,47.46,47.97,47.29,47.61,13440900,47.61
2022-03-25,47.82,47.98,47.42,47.82,14088260,47.82
2022-03-28,47.83,48.69,47.77,48.67,20105700,48.67
2022-03-29,48.87,49.37,48.75,49.08,19934458,49.08
2022-03-30,49.04,50.06,49.01,49.96,24991596,49.96
2022-03-31,49.6,50.18,49.39,49.64,27163905,49.64
2022-04-01,49.89,50.42,49.61,50.34,20939819,50.34
2022-04-04,50.3,51.07,50.03,50.35,25337512,50.35
2022-04-05,50.29,51.11,50.29,50.49,18657900,50.49
2022-04-06,50.34,51.81,50.17,51.66,28018500,51.66
2022-04-07,51.7,52.51,51.48,52.18,27088200,52.18
2022-04-08,52.3,52.8,52.07,52.47,23294558,52.47
2022-04-11,52.32,52.75,51.21,51.43,24712800,51.43
2022-04-12,51.41,51.8,50.85,51.08,26761226,51.08
2022-04-13,51.15,52.6,51.12,52.41,29284625,52.41
2022-04-14,52.37,52.76,52.14,52.36,22360501,52.36
2022-04-18,52.25,52.66,51.74,51.96,14671829,51.96
2022-04-19,52.22,52.65,52.01,52.55,15855000,52.55
2022-04-20,52.78,53.45,52.76,53.21,19821600,53.21
2022-04-21,53.31,53.59,53.02,53.29,18168318,53.29
2022-04-22,53.42,53.45,52.22,52.29,21046338,52.29
2022-04-25,52.12,52.49,51.45,52.31,18057600,52.31
2022-04-26,52.12,52.71,51.73,51.77,19601100,51.77
2022-04-27,51.84,52.07,51.34,51.41,17496900,51.41
2022-04-28,51.74,52.33,51.37,52.07,14971043,52.07
2022-04-29,51.94,52.07,50.9,51.0,21088800,51.0
2022-05-02,51.65,51.66,50.11,50.66,20016023,50.66
2022-05-03,50.81,51.42,50.59,50.84,17951072,50.84
2022-05-04,50.68,51.61,50.5,51.54,20022689,51.54
2022-05-05,51.21,51.28,50.47,50.91,23234400,50.91
2022-05-06,50.57,51.32,49.42,49.85,34258200,49.85
2022-05-09,49.49,51.03,49.4,50.44,28207200,50.44
2022-05-10,50.48,50.76,49.52,49.73,24861342,49.73
2022-05-11,49.8,50.25,48.97,49.21,27878745,49.21
2022-05-12,49.29,50.05,48.84,49.16,25244548,49.16
2022-05-13,49.24,49.46,48.71,49.35,19962300,49.35
2022-05-16,49.79,49.91,48.82,49.4,21449100,49.4
2022-05-17,45.48,45.81,43.55,43.78,132940299,43.78
2022-05-18,42.68,42.76,40.51,40.81,104253212,40.81
2022-05-19,40.29,40.6,39.53,39.69,71008556,39.69
2022-05-20,39.88,40.28,39.09,39.73,49356000,39.73
2022-05-23,39.97,41.26,39.95,40.87,43680900,40.87
2022-05-24,40.4,41.52,40.36,41.38,34584900,41.38
2022-05-25,41.33,41.56,40.87,41.12,27121908,41.12
2022-05-26,41.77,42.13,41.47,42.0,28197736,42.0
2022-05-27,41.83,42.87,41.77,42.83,25299900,42.83
2022-05-31,42.49,43.3,42.47,42.88,36912462,42.88
2022-06-01,42.83,42.97,41.56,41.82,28534800,41.82
2022-06-02,41.86,42.51,41.44,42.5,23214416,42.5
2022-06-03,42.22,42.47,41.7,41.77,18302739,41.77
2022-06-06,41.94,42.1,41.53,41.62,19855500,41.62
2022-06-07,40.41,41.16,40.29,41.12,47707928,41.12
2022-06-08,40.78,41.3,40.65,40.77,22522800,40.77
2022-06-09,40.67,41.45,40.33,40.34,19886233,40.34
2022-06-10,39.92,40.91,39.78,40.57,25246849,40.57
2022-06-13,39.91,40.41,39.7,39.8,24897906,39.8
2022-06-14,39.71,40.0,39.39,39.82,21544362,39.82
2022-06-15,39.99,40.14,39.3,39.79,25914000,39.79
2022-06-16,39.45,40.59,39.41,40.21,30706929,40.21
2022-06-17,40.01,40.29,39.32,39.43,36838800,39.43
2022-06-21,39.43,40.93,39.41,40.72,23916600,40.72
2022-06-22,40.7,41.08,40.2,40.23,20245175,40.23
2022-06-23,40.58,41.32,40.4,41.21,18040947,41.21
2022-06-24,41.36,41.77,41.05,41.24,31845991,41.24
2022-06-27,41.26,41.58,40.93,41.37,19889100,41.37
2022-06-28,41.55,41.86,40.76,40.79,15401589,40.79
2022-06-29,40.96,41.12,40.32,40.64,19111639,40.64
2022-06-30,40.29,40.69,39.96,40.53,19166254,40.53
2022-07-01,40.65,40.97,40.39,40.88,17460986,40.88
2022-07-05,40.74,41.5,40.54,41.42,18219729,41.42
2022-07-06,41.49,42.09,41.43,41.71,21300144,41.71
2022-07-07,41.73,41.84,41.37,41.77,17487305,41.77
2022-07-08,41.94,42.2,41.72,41.8,14751083,41.8
2022-07-11,41.67,42.11,41.54,41.82,11533889,41.82
2022-07-12,41.7,42.38,41.57,41.69,13732282,41.69
2022-07-13,41.48,42.15,41.3,41.79,12689130,41.79
2022-07-14,41.39,42.77,41.38,42.61,20905500,42.61
2022-07-15,42.93,43.42,42.68,43.02,21184272,43.02
2022-07-18,42.88,43.43,42.75,42.92,14243750,42.92
2022-07-19,43.13,43.32,42.87,43.19,16995300,43.19
2022-07-20,43.5,43.77,43.17,43.55,18564900,43.55
2022-07-21,43.56,44.19,43.5,44.18,18764700,44.18
2022-07-22,44.18,44.46,43.74,44.07,13616400,44.07
2022-07-25,44.13,44.23,43.82,44.01,20535300,44.01
2022-07-26,40.38,40.9,40.02,40.66,95391641,40.66
2022-07-27,40.41,42.25,40.34,42.2,42159741,42.2
2022-07-28,42.09,43.5,42.09,43.25,33262365,43.25
2022-07-29,42.77,44.09,42.67,44.02,30141900,44.02
2022-08-01,43.69,44.74,43.67,44.18,24996300,44.18
2022-08-02,44.38,44.57,43.8,44.23,19695037,44.23
2022-08-03,44.05,44.31,43.29,43.5,32003138,43.5
2022-08-04,43.56,43.6,41.78,41.86,53106053,41.86
2022-08-05,41.84,42.27,41.71,42.19,32007000,42.19
2022-08-08,42.22,42.74,42.2,42.54,18183348,42.54
2022-08-09,42.63,42.99,42.4,42.96,19325100,42.96
2022-08-10,43.33,43.38,42.8,43.05,25251007,43.05
2022-08-11,43.23,43.46,42.87,43.27,23854505,43.27
2022-08-12,43.33,44.28,43.27,44.07,26625000,44.07
2022-08-15,43.88,44.52,43.79,44.2,26516150,44.2
2022-08-16,46.3,46.98,46.06,46.46,91773412,46.46
2022-08-17,46.19,47.57,46.13,46.51,41792132,46.51
2022-08-18,46.51,46.81,46.17,46.36,19197600,46.36
2022-08-19,46.31,46.36,45.64,45.67,22918800,45.67
2022-08-22,45.4,45.57,44.81,44.86,18667239,44.86
2022-08-23,44.87,44.99,44.4,44.67,16955104,44.67
2022-08-24,44.78,45.1,44.53,44.99,15766551,44.99
2022-08-25,45.09,45.33,45.01,45.29,19414621,45.29
2022-08-26,45.37,45.61,43.84,43.87,21331866,43.87
2022-08-29,43.61,44.62,43.53,44.29,17381700,44.29
2022-08-30,44.45,44.55,43.91,44.16,14468100,44.16
2022-08-31,44.26,44.6,43.98,44.18,22460770,44.18
2022-09-01,44.18,45.05,44.13,44.83,21741900,44.83
2022-09-02,44.95,45.22,44.14,44.33,17234558,44.33
2022-09-06,44.35,44.54,43.57,44.11,21899700,44.11
2022-09-07,44.35,45.32,44.25,45.25,17058989,45.25
2022-09-08,45.13,45.62,44.96,45.48,16956040,45.48
2022-09-09,45.43,45.83,45.38,45.61,16145302,45.61
2022-09-12,45.69,46.08,45.65,46.02,14284532,46.02
2022-09-13,45.62,45.98,44.94,45.07,17687400,45.07
2022-09-14,45.21,45.51,44.7,44.97,19934713,44.97
2022-09-15,45.02,45.05,44.32,44.49,20189400,44.49
2022-09-16,44.0,44.85,43.76,44.4,41874434,44.4
2022-09-19,44.27,44.92,44.16,44.78,16853197,44.78
2022-09-20,44.49,44.63,44.18,44.52,13963500,44.52
2022-09-21,45.15,45.82,44.87,44.92,24903600,44.92
2022-09-22,44.86,44.91,44.28,44.46,16744500,44.46
2022-09-23,44.29,44.39,42.92,43.35,27195420,43.35
2022-09-26,42.92,44.05,42.76,43.77,23011200,43.77
2022-09-27,44.08,44.48,43.43,43.65,17171700,43.65
2022-09-28,43.8,44.55,43.24,44.37,16838400,44.37
2022-09-29,44.5,44.71,43.88,44.08,15241614,44.08
2022-09-30,44.08,44.12,43.23,43.23,19602300,43.23
2022-10-03,43.41,44.26,43.34,44.18,17574900,44.18
2022-10-04,44.62,45.07,44.46,44.75,16134382,44.75
2022-10-05,44.59,44.87,44.17,44.31,14553900,44.31
2022-10-06,44.36,44.83,43.86,43.89,14200500,43.89
2022-10-07,43.77,43.88,42.69,42.85,17080500,42.85
2022-10-10,43.18,43.31,42.76,43.11,11411700,43.11
2022-10-11,43.17,44.6,43.15,44.22,21276144,44.22
2022-10-12,44.34,44.92,43.66,43.72,16947600,43.72
2022-10-13,43.09,44.31,42.79,44.09,20545526,44.09
2022-10-14,44.15,44.41,43.35,43.48,16642681,43.48
2022-10-17,43.65,44.27,43.53,43.79,17812500,43.79
2022-10-18,44.48,45.03,44.44,44.71,16842300,44.71
2022-10-19,44.78,44.91,44.32,44.59,11339492,44.59
2022-10-20,44.66,45.13,44.55,44.7,12754950,44.7
2022-10-21,44.94,45.8,44.67,45.6,18134709,45.6
2022-10-24,45.82,46.82,45.71,46.47,18806700,46.47
2022-10-25,46.36,46.81,46.11,46.69,15051300,46.69
2022-10-26,46.79,47.35,46.61,47.05,20763197,47.05
2022-10-27,47.0,47.37,46.76,46.91,16602946,46.91
2022-10-28,46.68,47.63,46.68,47.5,13648200,47.5
2022-10-31,47.45,47.69,47.26,47.44,22572094,47.44
2022-11-01,47.66,47.85,47.17,47.23,14814995,47.23
2022-11-02,47.05,47.85,46.9,46.92,15528081,46.92
2022-11-03,46.5,47.24,46.36,46.91,10976400,46.91
2022-11-04,47.34,47.4,46.26,46.99,14669400,46.99
2022-11-07,47.09,47.66,47.09,47.48,11364119,47.48
2022-11-08,47.53,48.02,47.17,47.6,15068526,47.6
2022-11-09,47.59,47.72,46.4,46.49,15932184,46.49
2022-11-10,47.5,47.56,46.83,47.45,20310632,47.45
2022-11-11,47.56,47.71,46.66,47.53,19270939,47.53
2022-11-14,47.21,47.77,46.09,46.13,37525945,46.13
2022-11-15,48.54,50.09,48.18,49.15,76548754,49.15
2022-11-16,49.29,50.07,49.04,49.5,32593268,49.5
2022-11-17,49.0,49.58,48.9,49.33,24797832,49.33
2022-11-18,49.89,50.08,49.59,50.08,18987000,50.08
2022-11-21,50.2,50.71,50.06,50.38,21157200,50.38
2022-11-22,50.67,50.82,50.37,50.56,16898557,50.56
2022-11-23,50.69,51.12,50.63,50.81,16920691,50.81
2022-11-25,50.71,51.03,50.62,51.02,8777429,51.02
2022-11-28,50.91,51.55,50.91,51.17,17679980,51.17
2022-11-29,51.01,51.24,50.85,50.99,13842166,50.99
2022-11-30,50.87,50.92,50.4,50.81,31338000,50.81
2022-12-01,50.68,51.2,50.24,51.12,22732200,51.12
2022-12-02,50.49,51.08,50.49,51.07,20733152,51.07
2022-12-05,50.92,51.0,50.17,50.55,23608295,50.55
2022-12-06,50.4,50.63,49.74,49.96,20625626,49.96
2022-12-07,50.17,50.4,49.61,49.7,17550300,49.7
2022-12-08,49.72,49.76,49.38,49.59,13512655,49.59
2022-12-09,49.16,49.24,48.41,48.44,27929481,48.44
2022-12-12,48.63,49.37,48.52,49.34,19432348,49.34
2022-12-13,50.0,50.07,48.91,49.16,23408690,49.16
2022-12-14,49.03,49.51,48.65,48.89,20334644,48.89
2022-12-15,48.53,48.81,47.88,48.45,17517986,48.45
2022-12-16,48.16,48.24,47.52,47.58,40343266,47.58
2022-12-19,47.67,47.85,47.24,47.6,15067500,47.6
2022-12-20,47.64,48.21,47.42,48.02,17009400,48.02
2022-12-21,48.11,48.65,48.09,48.39,13726534,48.39
2022-12-22,48.26,48.33,47.31,47.83,13086211,47.83
2022-12-23,47.68,47.93,47.43,47.92,9547713,47.92
2022-12-27,48.01,48.15,47.73,47.94,10045228,47.94
2022-12-28,47.82,47.89,46.97,47.1,15246300,47.1
2022-12-29,47.38,47.67,47.25,47.38,9172245,47.38
2022-12-30,47.19,47.33,46.94,47.26,11505959,47.26
2023-01-03,47.52,47.9,47.36,47.87,17249702,47.87
2023-01-04,47.81,48.02,47.36,47.92,13338922,47.92
2023-01-05,47.82,48.04,47.55,47.76,13274434,47.76
2023-01-06,48.2,49.18,48.08,48.93,21231900,48.93
2023-01-09,48.77,49.29,48.27,48.32,17756700,48.32
2023-01-10,48.31,48.48,47.91,48.29,11970668,48.29
2023-01-11,48.58,48.73,48.24,48.71,14834700,48.71
2023-01-12,48.8,48.81,48.13,48.27,12472800,48.27
2023-01-13,48.51,48.61,47.95,48.43,13700200,48.43
2023-01-17,48.43,48.57,48.06,48.14,15122448,48.14
2023-01-18,48.07,48.08,46.82,46.95,22674445,46.95
2023-01-19,47.13,47.17,46.26,46.28,17342117,46.28
2023-01-20,46.47,46.93,46.06,46.85,29543100,46.85
2023-01-23,46.82,47.67,46.73,47.55,13149900,47.55
2023-01-24,48.85,48.85,47.0,47.67,13669363,47.67
2023-01-25,47.41,47.61,46.8,47.45,12491748,47.45
2023-01-26,47.68,47.92,47.25,47.4,15819111,47.4
2023-01-27,47.53,48.16,47.25,47.77,18412800,47.77
2023-01-30,47.37,47.48,47.09,47.38,15897600,47.38
2023-01-31,47.44,47.96,47.22,47.96,14103600,47.96
2023-02-01,47.89,48.54,47.57,48.22,12849300,48.22
2023-02-02,48.14,48.29,47.65,47.87,17806800,47.87
2023-02-03,47.79,47.99,46.95,47.24,17155520,47.24
2023-02-06,47.27,47.37,46.68,46.89,17454000,46.89
2023-02-07,46.59,47.1,46.23,46.99,16341364,46.99
2023-02-08,46.78,47.03,46.66,46.74,11691300,46.74
2023-02-09,46.96,47.31,46.86,47.17,13064950,47.17
2023-02-10,47.7,47.98,47.39,47.91,15002856,47.91
2023-02-13,48.24,48.71,48.17,48.64,16015921,48.64
2023-02-14,48.58,49.04,48.19,48.5,13831903,48.5
2023-02-15,48.32,48.87,48.19,48.86,14678066,48.86
2023-02-16,48.49,48.66,48.06,48.09,16312200,48.09
2023-02-17,48.37,48.9,48.19,48.81,24770844,48.81
2023-02-21,47.63,49.45,47.38,49.11,54393900,49.11
2023-02-22,48.92,49.19,47.59,48.08,29844000,48.08
2023-02-23,48.12,48.12,46.9,47.36,22021279,47.36
2023-02-24,46.95,47.58,46.51,47.49,20623613,47.49
2023-02-27,47.57,47.7,46.89,47.15,16647313,47.15
2023-02-28,47.0,47.55,46.98,47.38,18054126,47.38
2023-03-01,47.02,47.09,46.46,46.72,14180210,46.72
2023-03-02,46.61,46.91,46.5,46.83,14788559,46.83
2023-03-03,47.01,47.06,46.59,46.89,16888800,46.89
2023-03-06,46.83,46.99,46.67,46.88,16720852,46.88
2023-03-07,47.06,47.23,46.26,46.42,17387531,46.42
2023-03-08,46.19,46.31,45.76,46.03,19090800,46.03
2023-03-09,46.28,46.33,45.64,45.72,15415800,45.72
2023-03-10,45.67,46.09,45.36,45.66,20065200,45.66
2023-03-13,45.56,46.17,45.53,45.79,28142100,45.79
2023-03-14,45.9,46.09,45.67,46.03,25542685,46.03
2023-03-15,45.63,46.6,45.57,46.55,33133650,46.55
2023-03-16,46.48,46.55,45.96,46.09,28913347,46.09
2023-03-17,46.06,46.5,45.86,46.47,43081549,46.47
2023-03-20,46.7,47.31,46.6,46.97,33928620,46.97
2023-03-21,47.13,47.13,46.51,46.81,19013400,46.81
2023-03-22,46.88,47.07,46.49,46.51,18549039,46.51
2023-03-23,46.73,47.2,46.5,46.88,22044300,46.88
2023-03-24,47.0,47.49,46.87,47.27,22752838,47.27
2023-03-27,47.6,48.32,47.59,48.06,26775600,48.06
2023-03-28,47.88,48.14,47.68,47.87,21282900,47.87
2023-03-29,48.12,48.32,47.82,48.08,24217422,48.08
2023-03-30,48.5,48.87,48.34,48.56,21879018,48.56
2023-03-31,48.86,49.48,48.82,49.15,20868008,49.15
2023-04-03,49.24,49.65,49.17,49.56,19766700,49.56
2023-04-04,49.51,49.6,49.01,49.08,18113700,49.08
2023-04-05,49.06,49.96,49.05,49.89,26540717,49.89
2023-04-06,49.6,50.35,49.51,50.27,17891700,50.27
2023-04-10,50.12,50.37,49.92,50.17,14519111,50.17
2023-04-11,50.33,50.33,49.87,50.02,18370500,50.02
2023-04-12,49.93,50.32,49.72,49.78,11209800,49.78
2023-04-13,49.88,50.0,49.4,49.83,13272703,49.83
2023-04-14,49.68,49.96,49.38,49.49,10465531,49.49
2023-04-17,49.55,49.89,49.5,49.84,16166830,49.84
2023-04-18,49.93,50.11,49.81,49.95,13482964,49.95
2023-04-19,50.28,50.47,49.92,50.0,12433557,50.0
2023-04-20,50.07,50.46,49.87,50.32,13641988,50.32
2023-04-21,50.65,50.77,50.39,50.58,25335757,50.58
2023-04-24,50.57,50.98,50.57,50.92,13579519,50.92
2023-04-25,51.1,51.25,50.44,50.52,17246700,50.52
2023-04-26,50.33,50.47,50.07,50.3,12910242,50.3
2023-04-27,50.26,50.65,50.26,50.46,12861000,50.46
2023-04-28,50.43,50.72,50.06,50.32,14088600,50.32
2023-05-01,50.35,50.85,50.31,50.53,11410160,50.53
2023-05-02,50.49,50.5,49.82,50.39,11330165,50.39
2023-05-03,50.52,50.7,50.09,50.21,12334500,50.21
2023-05-04,50.18,50.33,49.83,50.16,14011352,50.16
2023-05-05,50.1,50.67,49.94,50.59,14556000,50.59
2023-05-08,50.42,50.98,50.35,50.91,14926712,50.91
2023-05-09,50.91,51.06,50.78,50.99,15209757,50.99
2023-05-10,51.23,51.45,50.41,50.85,15827700,50.85
2023-05-11,50.85,51.09,50.67,51.04,11926871,51.04
2023-05-12,51.2,51.36,50.9,51.02,16119300,51.02
2023-05-15,51.17,51.28,50.46,50.63,16114045,50.63
2023-05-16,50.28,50.51,49.86,49.93,15540024,49.93
2023-05-17,50.38,50.38,49.57,49.84,26985962,49.84
2023-05-18,50.6,51.43,49.98,50.49,46768615,50.49
2023-05-19,50.47,50.49,49.7,49.97,27594138,49.97
2023-05-22,49.9,50.03,49.43,49.53,16117810,49.53
2023-05-23,49.34,49.62,49.03,49.44,16302300,49.44
2023-05-24,49.5,49.51,48.77,49.21,20515200,49.21
2023-05-25,48.96,49.15,48.36,48.72,21299763,48.72
2023-05-26,48.57,48.94,48.49,48.81,15720900,48.81
2023-05-30,48.77,49.1,48.53,48.69,15742611,48.69
2023-05-31,48.47,49.1,48.34,48.96,30130830,48.96
2023-06-01,48.74,49.3,48.65,49.14,20239200,49.14
2023-06-02,49.07,49.67,49.03,49.61,19178263,49.61
2023-06-05,49.79,50.42,49.73,49.93,17055962,49.93
2023-06-06,49.9,50.06,49.5,49.93,15015693,49.93
2023-06-07,49.75,50.12,49.68,50.0,24256662,50.0
2023-06-08,50.13,50.81,49.93,50.72,18875334,50.72
2023-06-09,50.72,51.24,50.53,51.03,15605616,51.03
2023-06-12,51.14,51.43,51.05,51.37,14715680,51.37
2023-06-13,51.51,51.84,51.36,51.77,15738900,51.77
2023-06-14,51.97,52.44,51.87,52.29,21103200,52.29
2023-06-15,52.33,52.74,52.33,52.58,18160500,52.58
2023-06-16,52.69,52.72,51.76,51.84,34675800,51.84
2023-06-20,51.57,51.82,51.29,51.39,20007788,51.39
2023-06-21,51.4,51.78,51.12,51.49,19251445,51.49
2023-06-22,51.66,52.03,51.49,51.92,13307716,51.92
2023-06-23,51.96,52.1,51.67,51.82,18975015,51.82
2023-06-26,51.88,51.93,51.44,51.68,14106431,51.68
2023-06-27,51.38,51.95,51.35,51.5,12093600,51.5
2023-06-28,51.58,51.89,51.54,51.78,18889911,51.78
2023-06-29,51.5,51.58,51.05,51.43,21530400,51.43
2023-06-30,51.66,52.51,51.59,52.39,19073100,52.39
2023-07-03,52.27,52.81,52.11,52.73,8647500,52.73
2023-07-05,52.72,53.04,52.45,52.7,17585813,52.7
2023-07-06,52.64,52.73,52.29,52.37,14427698,52.37
2023-07-07,51.94,52.1,51.15,51.16,19774800,51.16
2023-07-10,51.52,51.83,51.44,51.63,12967800,51.63
2023-07-11,51.59,51.84,51.29,51.55,11463194,51.55
2023-07-12,51.77,51.96,51.61,51.68,16509979,51.68
2023-07-13,51.81,51.87,51.23,51.38,11859659,51.38
2023-07-14,51.37,51.56,51.19,51.55,10427476,51.55
2023-07-17,51.47,51.66,51.27,51.62,10135852,51.62
2023-07-18,51.56,51.89,51.29,51.52,13440214,51.52
2023-07-19,51.6,51.73,51.25,51.54,12372900,51.54
2023-07-20,51.64,52.52,51.63,52.49,14987822,52.49
2023-07-21,52.63,52.93,52.48,52.79,16960500,52.79
2023-07-24,52.82,53.16,52.52,53.1,12529881,53.1
2023-07-25,53.49,53.5,52.76,53.06,15553938,53.06
2023-07-26,53.08,53.56,52.98,53.25,15094200,53.25
2023-07-27,53.36,53.55,53.04,53.05,13400400,53.05
2023-07-28,53.1,53.65,53.1,53.3,11021876,53.3
2023-07-31,53.32,53.55,52.97,53.29,13034047,53.29
2023-08-01,53.32,53.48,52.99,53.04,11783546,53.04
2023-08-02,52.84,53.48,52.84,53.07,12661992,53.07
2023-08-03,53.01,53.17,52.84,53.09,13204048,53.09
2023-08-04,53.25,53.42,52.65,52.78,14263112,52.78
2023-08-07,53.17,53.74,53.04,53.5,14269628,53.5
2023-08-08,53.66,53.87,53.17,53.55,11018126,53.55
2023-08-09,53.64,54.03,53.57,53.64,13209628,53.64
2023-08-10,53.6,53.92,53.34,53.42,15169503,53.42
2023-08-11,53.52,53.94,53.37,53.73,14195216,53.73
2023-08-14,54.0,54.26,53.06,53.33,20813700,53.33
2023-08-15,53.18,53.6,52.97,53.06,14559461,53.06
2023-08-16,53.29,53.66,52.79,53.09,26980967,53.09
2023-08-17,53.63,53.71,51.67,51.9,53614355,51.9
2023-08-18,51.77,53.22,51.77,52.64,27954900,52.64
2023-08-21,52.54,52.95,52.35,52.5,15679281,52.5
2023-08-22,52.32,52.44,52.08,52.34,16672525,52.34
2023-08-23,52.2,52.8,52.17,52.7,14210400,52.7
2023-08-24,52.71,53.08,52.27,52.3,14033108,52.3
2023-08-25,52.39,52.68,52.18,52.61,12267417,52.61
2023-08-28,52.62,52.94,52.62,52.91,11871134,52.91
2023-08-29,53.0,53.41,52.95,53.35,12702300,53.35
2023-08-30,53.47,53.76,53.31,53.73,10967770,53.73
2023-08-31,53.71,54.33,53.65,54.2,19582915,54.2
2023-09-01,54.29,54.32,53.38,53.86,12553500,53.86
2023-09-05,53.95,54.27,53.39,53.42,15209400,53.42
2023-09-06,53.47,54.06,53.3,53.82,14594700,53.82
2023-09-07,54.0,54.49,53.83,54.49,19120906,54.49
2023-09-08,54.49,54.62,54.36,54.59,12668976,54.59
2023-09-11,54.67,54.83,54.55,54.78,11912129,54.78
2023-09-12,54.83,54.98,54.68,54.84,11757368,54.84
2023-09-13,54.98,55.28,54.79,54.85,14364300,54.85
2023-09-14,55.0,55.25,54.8,55.08,14923800,55.08
2023-09-15,55.07,55.22,54.59,54.88,63925200,54.88
2023-09-18,54.89,55.07,54.42,54.47,12997800,54.47
2023-09-19,54.46,54.59,54.12,54.46,14020499,54.46
2023-09-20,54.53,54.9,54.32,54.64,10124659,54.64
2023-09-21,54.75,54.83,53.93,53.97,18787506,53.97
2023-09-22,54.08,54.41,53.97,54.12,13216930,54.12
2023-09-25,54.12,54.37,53.96,54.36,10459500,54.36
2023-09-26,54.31,54.51,54.12,54.17,14435828,54.17
2023-09-27,54.0,54.08,53.43,53.91,15711117,53.91
2023-09-28,54.0,54.28,53.86,54.18,11617200,54.18
2023-09-29,54.34,54.38,53.06,53.31,18842457,53.31
2023-10-02,53.16,53.42,52.77,53.37,12992853,53.37
2023-10-03,53.23,53.58,52.89,53.03,11253300,53.03
2023-10-04,53.22,53.68,53.0,53.67,15755853,53.67
2023-10-05,53.48,53.65,53.0,53.03,14269619,53.03
2023-10-06,52.88,53.0,50.55,52.14,42616209,52.14
2023-10-09,51.69,51.95,51.09,51.95,21022563,51.95
2023-10-10,52.08,52.69,51.89,52.53,16014460,52.53
2023-10-11,52.75,53.16,52.35,52.74,12026787,52.74
2023-10-12,52.84,53.1,52.59,52.98,13514689,52.98
2023-10-13,53.09,53.49,52.97,53.28,13810897,53.28
2023-10-16,53.51,54.03,53.44,53.74,14348100,53.74
2023-10-17,53.58,53.9,53.46,53.81,10893382,53.81
2023-10-18,53.96,54.12,53.57,53.85,10559734,53.85
2023-10-19,53.81,53.94,53.41,53.59,11745908,53.59
2023-10-20,53.61,53.7,52.9,52.92,15057258,52.92
2023-10-23,52.91,53.78,52.67,53.67,17097125,53.67
2023-10-24,53.8,54.49,53.8,54.42,17535083,54.42
2023-10-25,54.39,54.78,54.16,54.25,16621800,54.25
2023-10-26,54.24,54.62,53.87,53.92,16220100,53.92
2023-10-27,53.83,53.99,53.52,53.72,13830226,53.72
2023-10-30,53.82,54.42,53.59,54.34,12653700,54.34
2023-10-31,54.33,54.54,53.98,54.47,14168400,54.47
2023-11-01,54.74,55.13,54.33,54.96,14899500,54.96
2023-11-02,54.79,55.4,54.54,55.17,15492300,55.17
2023-11-03,55.29,55.43,54.83,54.89,17240240,54.89
2023-11-06,54.83,55.21,54.69,54.96,14529251,54.96
2023-11-07,55.26,55.54,55.11,55.22,15023517,55.22
2023-11-08,55.28,55.43,54.53,54.77,15591900,54.77
2023-11-09,54.79,54.84,54.41,54.64,15080712,54.64
2023-11-10,54.85,55.48,54.63,55.4,14321171,55.4
2023-11-13,55.46,55.96,55.35,55.89,15408900,55.89
2023-11-14,56.06,56.38,55.75,55.88,19792537,55.88
2023-11-15,56.13,56.65,55.84,56.59,35769980,56.59
2023-11-16,52.92,53.15,51.83,52.01,97658700,52.01
2023-11-17,51.98,52.51,51.67,51.78,42533445,51.78
2023-11-20,51.85,52.0,51.67,51.77,26703869,51.77
2023-11-21,51.82,52.28,51.38,51.95,29382300,51.95
2023-11-22,51.91,52.02,51.46,51.56,26433548,51.56
2023-11-24,51.72,52.04,51.57,52.02,13975200,52.02
2023-11-27,51.98,52.45,51.98,52.26,23393700,52.26
2023-11-28,52.22,52.97,52.22,52.88,23535050,52.88
2023-11-29,52.92,52.92,51.87,52.03,29896514,52.03
2023-11-30,52.01,52.12,51.5,51.9,29925900,51.9
2023-12-01,51.79,51.87,50.88,51.45,39273708,51.45
2023-12-04,51.11,51.64,51.1,51.43,24883212,51.43
2023-12-05,51.48,51.95,51.25,51.91,21883851,51.91
2023-12-06,51.85,51.94,51.22,51.35,26447423,51.35
2023-12-07,51.45,51.51,50.74,50.82,25362604,50.82
2023-12-08,50.67,50.74,50.08,50.29,34069500,50.29
2023-12-11,50.38,50.48,49.85,50.41,31883400,50.41
2023-12-12,50.41,50.57,50.08,50.45,21382041,50.45
2023-12-13,50.52,51.35,50.21,51.35,35348714,51.35
2023-12-14,51.17,51.31,50.64,50.72,30891300,50.72
2023-12-15,50.59,51.15,50.51,50.91,70003657,50.91
2023-12-18,51.12,51.69,51.04,51.66,26316038,51.66
2023-12-19,51.61,51.9,51.36,51.84,24417117,51.84
2023-12-20,51.81,52.05,51.21,51.24,21967800,51.24
2023-12-21,51.33,51.69,51.3,51.6,20087804,51.6
2023-12-22,51.82,52.38,51.72,52.22,19405660,52.22
2023-12-26,52.22,52.33,52.04,52.14,11679974,52.14
2023-12-27,52.1,52.65,52.05,52.63,19896000,52.63
2023-12-28,52.59,52.78,52.5,52.52,16776082,52.52
2023-12-29,52.51,52.69,52.39,52.55,21948300,52.55
2024-01-02,52.42,53.18,52.4,53.1,23539800,53.1
2024-01-03,53.26,53.43,52.98,53.1,18756078,53.1
2024-01-04,53.07,53.18,52.5,52.59,19282500,52.59
2024-01-05,52.64,52.7,51.87,52.24,21709524,52.24
2024-01-08,52.23,52.76,52.22,52.75,20680898,52.75
2024-01-09,52.64,53.11,52.58,53.1,23322401,53.1
2024-01-10,53.19,53.83,53.19,53.76,20122058,53.76
2024-01-11,53.78,53.96,53.39,53.7,14355300,53.7
2024-01-12,53.79,53.85,53.46,53.77,13629000,53.77
2024-01-16,53.81,54.13,53.74,53.94,17032607,53.94
2024-01-17,53.79,53.99,53.54,53.69,14827800,53.69
2024-01-18,53.72,54.46,53.56,54.41,18190629,54.41
2024-01-19,54.48,54.52,53.81,54.13,19175400,54.13
2024-01-22,54.26,54.32,53.83,54.13,13938394,54.13
2024-01-23,54.04,54.28,53.92,54.27,12066600,54.27
2024-01-24,54.3,54.35,53.44,53.5,22932900,53.5
2024-01-25,53.8,54.29,53.47,54.28,16369618,54.28
2024-01-26,54.35,54.79,54.22,54.76,15746400,54.76
2024-01-29,54.78,55.13,54.51,55.01,18240330,55.01
2024-01-30,54.9,55.27,54.54,55.2,15270027,55.2
2024-01-31,55.93,55.93,55.04,55.08,26134901,55.08
2024-02-01,55.23,56.12,55.06,56.1,20792700,56.1
2024-02-02,56.05,56.86,55.97,56.52,21670800,56.52
2024-02-05,56.67,56.67,56.02,56.22,19145100,56.22
2024-02-06,56.26,56.65,56.11,56.6,14189798,56.6
2024-02-07,56.76,56.89,56.4,56.46,17082600,56.46
2024-02-08,56.46,56.85,56.38,56.46,14427941,56.46
2024-02-09,56.46,56.58,56.31,56.43,14329880,56.43
2024-02-12,56.41,56.79,56.35,56.77,14795100,56.77
2024-02-13,56.87,57.02,56.09,56.38,18574233,56.38
2024-02-14,56.25,56.29,55.85,56.2,18484620,56.2
2024-02-15,56.6,56.62,55.99,56.43,16948873,56.43
2024-02-16,56.76,57.31,56.43,56.79,22373563,56.79
2024-02-20,59.49,60.45,58.41,58.62,71788685,58.62
2024-02-21,58.33,58.53,57.6,57.9,40551571,57.9
2024-02-22,57.96,58.49,57.77,58.47,29512964,58.47
2024-02-23,58.7,59.22,58.44,58.52,74365841,58.52
2024-02-26,59.12,59.84,58.18,59.6,32154800,59.6
2024-02-27,59.64,59.8,59.22,59.59,18012749,59.59
2024-02-28,59.55,59.76,59.31,59.62,14803300,59.62
2024-02-29,59.45,59.49,58.59,58.61,29245142,58.61
2024-03-01,58.8,58.85,58.2,58.76,19030919,58.76
2024-03-04,58.5,59.39,58.4,59.3,16033300,59.3
2024-03-05,59.87,60.34,59.58,60.04,19676900,60.04
2024-03-06,60.12,60.62,60.04,60.57,12698714,60.57
2024-03-07,61.0,61.07,60.35,60.36,16195303,60.36
2024-03-08,60.0,60.28,59.73,60.12,12143645,60.12
2024-03-11,60.1,60.71,59.87,60.66,14154000,60.66
2024-03-12,60.95,61.57,60.65,61.41,16613100,61.41
2024-03-13,61.26,61.46,60.88,61.28,15935200,61.28
2024-03-14,61.28,61.44,60.6,61.02,16584700,61.02
2024-03-15,60.68,61.15,60.46,60.68,50946329,60.68
2024-03-18,60.69,60.9,60.39,60.86,16801700,60.86
2024-03-19,60.97,61.07,60.6,60.87,12353624,60.87
2024-03-20,60.84,61.28,60.74,61.25,12007600,61.25
2024-03-21,61.28,61.66,61.05,61.45,14265900,61.45
2024-03-22,61.32,61.53,60.85,60.87,14029440,60.87
2024-03-25,60.87,60.99,60.36,60.57,14186627,60.57
2024-03-26,60.46,60.83,60.23,60.51,13738342,60.51
2024-03-27,60.87,61.05,60.38,60.72,14363410,60.72
2024-03-28,60.66,60.77,60.16,60.17,17535100,60.17
2024-04-01,60.31,60.76,59.93,60.0,13837600,60.0
2024-04-02,59.9,60.1,58.88,59.16,19510121,59.16
2024-04-03,59.38,59.5,58.94,59.43,14615103,59.43
2024-04-04,59.54,59.81,59.29,59.5,14436126,59.5
2024-04-05,59.55,60.04,59.49,59.85,10335909,59.85
2024-04-08,59.6,60.04,59.42,59.78,11070120,59.78
2024-04-09,59.87,59.97,59.3,59.79,10015922,59.79
2024-04-10,59.62,60.76,59.39,60.62,15097600,60.62
2024-04-11,60.75,60.89,60.07,60.09,10987600,60.09
2024-04-12,60.0,60.72,59.95,60.14,12280600,60.14
2024-04-15,60.51,60.7,59.91,59.93,10557200,59.93
2024-04-16,60.03,60.29,59.78,59.84,14726300,59.84
2024-04-17,60.15,60.43,59.57,59.65,15329700,59.65
2024-04-18,59.83,59.94,59.22,59.26,12061538,59.26
2024-04-19,59.45,59.67,58.97,59.53,14165800,59.53
2024-04-22,59.56,60.4,59.04,60.14,14910000,60.14
2024-04-23,60.25,60.35,58.56,59.09,17963945,59.09
2024-04-24,58.98,60.04,58.81,59.87,18529138,59.87
2024-04-25,60.05,60.53,59.83,60.21,19263000,60.21
2024-04-26,60.11,60.39,60.0,60.16,11045224,60.16
2024-04-29,60.18,60.39,59.94,60.24,9788575,60.24
2024-04-30,60.2,60.3,59.16,59.35,14209200,59.35
2024-05-01,59.31,59.41,58.72,58.85,15470975,58.85
2024-05-02,58.94,59.89,58.58,59.71,17574115,59.71
2024-05-03,59.62,59.98,59.14,59.82,14207400,59.82
2024-05-06,60.0,60.0,59.39,59.87,11119402,59.87
2024-05-07,60.17,60.8,60.05,60.62,14520240,60.62
2024-05-08,60.63,60.85,60.22,60.3,11015700,60.3
2024-05-09,60.2,60.58,59.95,60.44,14550500,60.44
2024-05-10,60.41,60.58,60.16,60.48,12356612,60.48
2024-05-13,60.62,61.35,60.29,60.41,19260522,60.41
2024-05-14,60.52,60.55,59.44,59.86,18780139,59.86
2024-05-15,59.83,59.94,59.47,59.83,22240600,59.83
2024-05-16,64.22,64.42,62.94,64.01,60545613,64.01
2024-05-17,64.24,64.88,63.63,64.65,29330400,64.65
2024-05-20,64.42,64.76,63.87,64.18,15001400,64.18
2024-05-21,64.53,65.19,64.45,65.15,17131700,65.15
2024-05-22,64.98,65.69,64.73,65.25,14879434,65.25
2024-05-23,65.17,65.52,64.56,64.84,16222946,64.84
2024-05-24,65.13,65.69,65.01,65.38,11795024,65.38
2024-05-28,65.22,65.47,64.74,65.04,13349619,65.04
2024-05-29,64.75,65.21,64.65,64.92,11538600,64.92
2024-05-30,64.93,65.17,64.77,64.89,13053481,64.89
2024-05-31,64.67,65.9,64.16,65.76,27632223,65.76
2024-06-03,65.51,65.84,65.16,65.82,11578709,65.82
2024-06-04,65.99,66.64,65.83,66.6,14780800,66.6
2024-06-05,66.57,67.15,66.28,67.09,14982700,67.09
2024-06-06,67.06,67.44,66.77,67.15,13256005,67.15
2024-06-07,67.4,67.57,65.64,65.88,20213211,65.88
2024-06-10,67.19,67.33,66.27,66.96,21667416,66.96
2024-06-11,66.95,66.96,66.35,66.73,13367514,66.73
2024-06-12,66.85,66.94,65.9,66.31,11704704,66.31
2024-06-13,66.3,66.76,65.95,66.7,11196603,66.7
2024-06-14,66.54,67.11,66.3,67.02,12590146,67.02
2024-06-17,66.92,67.44,66.41,67.42,12110689,67.42
2024-06-18,67.63,67.87,67.3,67.6,12093549,67.6
2024-06-20,67.35,68.13,67.3,68.01,13860800,68.01
2024-06-21,68.26,68.55,67.83,67.91,25891526,67.91
2024-06-24,68.05,69.04,67.9,68.9,12470448,68.9
2024-06-25,67.17,67.59,66.55,67.42,20904039,67.42
2024-06-26,67.4,68.6,67.21,68.29,14177522,68.29
2024-06-27,68.29,68.58,67.67,67.88,12899200,67.88
2024-06-28,67.87,68.1,67.32,67.71,18816720,67.71
2024-07-01,67.89,68.24,67.25,67.48,8666021,67.48
2024-07-02,67.44,68.08,67.26,68.07,9436500,68.07
2024-07-03,67.81,68.25,67.62,68.24,6287545,68.24
2024-07-05,68.16,70.15,68.1,70.04,21586100,70.04
2024-07-08,69.9,70.14,69.35,69.68,12077700,69.68
2024-07-09,69.9,70.25,69.67,69.9,9781831,69.9
2024-07-10,70.1,70.44,69.72,70.41,10803405,70.41
2024-07-11,70.18,70.45,69.26,69.8,15624800,69.8
2024-07-12,69.9,70.03,69.17,69.24,12145317,69.24
2024-07-15,69.3,69.97,69.3,69.61,10171137,69.61
2024-07-16,69.82,70.24,69.58,69.99,9836824,69.99
2024-07-17,70.18,71.1,69.95,71.03,13533800,71.03
2024-07-18,70.68,71.19,70.43,70.82,10682742,70.82
2024-07-19,71.2,71.33,70.65,70.75,11665526,70.75
2024-07-22,70.86,71.26,70.23,70.38,12666130,70.38
2024-07-23,70.47,70.7,70.11,70.65,9263600,70.65
2024-07-24,70.52,70.84,70.34,70.6,22490800,70.6
2024-07-25,70.6,70.77,69.95,70.02,18821200,70.02
2024-07-26,70.23,70.24,68.83,69.78,16789306,69.78
2024-07-29,69.85,69.9,69.13,69.62,10315305,69.62
2024-07-30,69.55,69.85,68.98,69.19,12522500,69.19
2024-07-31,69.18,69.25,68.29,68.64,22908800,68.64
2024-08-01,68.91,69.8,68.52,69.79,17275532,69.79
2024-08-02,69.6,70.24,67.74,68.46,23578700,68.46
2024-08-05,68.1,68.58,66.91,67.59,20770500,67.59
2024-08-06,67.84,68.63,67.68,67.74,14815100,67.74
2024-08-07,67.87,68.01,66.81,66.91,18499200,66.91
2024-08-08,66.84,67.92,66.67,67.66,12489819,67.66
2024-08-09,67.85,68.22,67.33,67.95,13805600,67.95
2024-08-12,68.34,69.22,68.07,68.7,17385300,68.7
2024-08-13,68.43,68.61,67.14,68.13,26557901,68.13
2024-08-14,67.92,68.79,67.85,68.66,22928600,68.66
2024-08-15,74.12,74.44,72.78,73.18,49567500,73.18
2024-08-16,72.7,73.61,72.52,73.45,19872144,73.45
2024-08-19,73.39,73.98,73.34,73.72,13709300,73.72
2024-08-20,73.75,74.75,73.72,74.54,14434000,74.54
2024-08-21,75.3,75.58,74.59,75.24,14832000,75.24
2024-08-22,75.37,76.22,75.15,75.58,16511139,75.58
2024-08-23,75.6,75.81,75.01,75.7,12299100,75.7
2024-08-26,75.9,76.21,75.57,76.03,9508215,76.03
2024-08-27,76.45,76.45,75.77,76.13,11557800,76.13
2024-08-28,76.28,76.43,75.81,76.08,9814300,76.08
2024-08-29,75.99,76.47,75.67,76.42,11856800,76.42
2024-08-30,76.44,77.47,76.22,77.23,23230000,77.23
2024-09-03,77.33,77.81,76.8,77.17,22666144,77.17
2024-09-04,77.33,77.48,76.73,77.24,18442800,77.24
2024-09-05,77.25,77.45,76.39,76.96,13082900,76.96
2024-09-06,76.9,77.32,76.3,76.64,14548600,76.64
2024-09-09,76.85,77.47,76.49,77.34,22260226,77.34
2024-09-10,77.35,78.9,77.28,78.81,17686300,78.81
2024-09-11,78.38,78.92,77.57,78.84,19518800,78.84
2024-09-12,78.99,79.91,78.62,79.66,14884852,79.66
2024-09-13,79.82,80.69,79.69,80.6,12994100,80.6
2024-09-16,80.84,81.02,80.14,80.56,15346400,80.56
2024-09-17,79.76,80.26,78.26,78.6,21065938,78.6
2024-09-18,78.64,79.41,78.28,79.03,15684900,79.03
2024-09-19,79.05,79.09,77.49,78.04,21525700,78.04
2024-09-20,78.23,79.61,78.11,79.06,39534300,79.06
2024-09-23,79.07,80.44,79.07,80.33,12147300,80.33
2024-09-24,80.48,80.91,80.24,80.67,14651133,80.67
2024-09-25,80.89,81.6,80.68,81.4,14163800,81.4
2024-09-26,81.04,81.2,79.26,79.92,17061133,79.92
2024-09-27,79.9,80.29,79.6,79.78,11899100,79.78
2024-09-30,79.89,80.94,79.86,80.75,19008187,80.75
2024-10-01,80.68,81.53,80.44,81.27,16054249,81.27
2024-10-02,80.99,80.99,80.12,80.43,16618300,80.43
2024-10-03,80.3,80.58,79.85,80.43,11640421,80.43
2024-10-04,80.05,81.11,79.85,80.94,11591388,80.94
2024-10-07,80.69,80.94,78.98,79.1,16791646,79.1
2024-10-08,79.62,79.82,79.07,79.71,15270000,79.71
2024-10-09,79.82,80.5,79.75,80.4,12413030,80.4
2024-10-10,80.31,80.32,79.46,79.61,10812700,79.61
2024-10-11,79.7,80.13,79.37,80.1,9570734,80.1
2024-10-14,80.05,80.51,79.76,80.29,9914500,80.29
2024-10-15,80.67,81.82,80.51,81.65,13276221,81.65
2024-10-16,81.53,81.66,80.62,81.22,11123300,81.22
2024-10-17,81.27,81.5,80.65,80.89,9424705,80.89
2024-10-18,80.87,81.69,80.66,81.31,12324148,81.31
2024-10-21,81.23,81.55,80.72,80.81,9750400,80.81
2024-10-22,81.11,82.23,80.83,82.02,12240149,82.02
2024-10-23,81.89,83.34,81.8,83.27,13058244,83.27
2024-10-24,82.96,83.32,82.58,83.04,11645900,83.04
2024-10-25,83.2,83.3,82.44,82.51,8959412,82.51
2024-10-28,82.75,83.08,82.47,82.75,7990200,82.75
2024-10-29,82.67,82.86,81.67,81.7,9682403,81.7
2024-10-30,81.6,81.83,81.3,81.39,9268824,81.39
2024-10-31,81.29,82.44,81.22,81.95,15539000,81.95
2024-11-01,82.53,82.53,81.54,82.19,12181833,82.19
2024-11-04,82.2,82.91,82.0,82.45,11731043,82.45
2024-11-05,82.68,83.77,82.51,83.68,10612500,83.68
2024-11-06,85.14,85.54,82.06,83.44,19974038,83.44
2024-11-07,83.72,84.39,83.42,83.85,12665800,83.85
2024-11-08,84.28,85.42,84.23,84.83,14396543,84.83
2024-11-11,84.95,85.41,84.12,84.21,10433200,84.21
2024-11-12,84.5,85.53,84.5,84.99,12860200,84.99
2024-11-13,84.99,85.79,84.77,85.5,12802622,85.5
2024-11-14,85.03,85.76,84.34,84.47,15740732,84.47
2024-11-15,84.53,84.78,83.94,84.25,17370602,84.25
2024-11-18,84.82,84.85,83.66,84.08,25278121,84.08
2024-11-19,86.23,88.29,85.91,86.6,36340900,86.6
2024-11-20,86.6,87.2,85.91,87.18,18183200,87.18
2024-11-21,87.45,88.64,86.93,88.39,18729222,88.39
2024-11-22,89.41,90.91,88.93,90.44,23990645,90.44
2024-11-25,90.5,90.95,89.06,89.5,25078633,89.5
2024-11-26,89.89,91.88,89.84,91.31,16657022,91.31
2024-11-27,92.0,92.25,91.31,91.88,14358900,91.88
2024-11-29,92.26,92.64,91.82,92.5,11041200,92.5
2024-12-02,92.82,92.99,91.95,92.64,17173000,92.64
2024-12-03,92.78,93.59,92.26,93.51,17775226,93.51
2024-12-04,93.45,94.52,93.05,94.45,17312600,94.45
2024-12-05,94.89,95.6,94.34,95.3,21932325,95.3
2024-12-06,95.54,96.18,95.33,95.7,18803500,95.7
2024-12-09,95.66,95.94,93.6,93.83,20931100,93.83
2024-12-10,94.05,95.24,93.77,94.55,13164500,94.55
2024-12-11,94.54,95.69,94.5,94.96,19682100,94.96
2024-12-12,95.68,95.72,94.09,94.09,14298626,94.09
2024-12-13,93.8,94.68,93.04,94.25,11495900,94.25
2024-12-16,94.42,95.71,94.1,94.87,16742000,94.87
2024-12-17,95.14,95.49,94.32,95.42,23560821,95.42
2024-12-18,95.34,95.9,93.13,93.55,24665600,93.55
2024-12-19,94.48,94.57,93.36,93.4,16606501,93.4
2024-12-20,93.01,93.75,91.63,92.24,49350600,92.24
2024-12-23,91.5,91.5,88.91,90.35,26205400,90.35
2024-12-24,90.37,92.68,90.35,92.68,8992427,92.68
2024-12-26,92.54,92.88,92.17,92.79,10997611,92.79
2024-12-27,92.13,92.35,91.03,91.66,11384400,91.66
2024-12-30,90.73,91.07,90.13,90.57,9790200,90.57
2024-12-31,90.57,90.94,90.06,90.35,11267700,90.35
